ticker,company_name,asset_type,universe_name,source_type,source_name,strategy_role,account_target,target_weight,sector,industry,cusip,cik,date_added,as_of_date,notes,active
AAPL,,stock,sp500_value,manual,sp500_value_manual,value,paper,0.07765389,-,,,,,21/05/2026,,True
AMZN,,stock,sp500_value,manual,sp500_value_manual,value,paper,0.04275307,-,,,,,21/05/2026,,True
XOM,,stock,sp500_value,manual,sp500_value_manual,value,paper,0.02251019,-,,,,,21/05/2026,,True
INTC,,stock,sp500_value,manual,sp500_value_manual,value,paper,0.0192996,-,,,,,21/05/2026,,True
WMT,,stock,sp500_value,manual,sp500_value_manual,value,paper,0.01845006,-,,,,,21/05/2026,,True
COST,,stock,sp500_value,manual,sp500_value_manual,value,paper,0.01617468,-,,,,,21/05/2026,,True
TSLA,,stock,sp500_value,manual,sp500_value_manual,value,paper,0.01549004,-,,,,,21/05/2026,,True
CVX,,stock,sp500_value,manual,sp500_value_manual,value,paper,0.01241978,-,,,,,21/05/2026,,True
UNH,,stock,sp500_value,manual,sp500_value_manual,value,paper,0.0120176,-,,,,,21/05/2026,,True
BAC,,stock,sp500_value,manual,sp500_value_manual,value,paper,0.01185145,-,,,,,21/05/2026,,True
PG,,stock,sp500_value,manual,sp500_value_manual,value,paper,0.01156016,-,,,,,21/05/2026,,True
HD,,stock,sp500_value,manual,sp500_value_manual,value,paper,0.01083588,-,,,,,21/05/2026,,True
MRK,,stock,sp500_value,manual,sp500_value_manual,value,paper,0.0099769,-,,,,,21/05/2026,,True
TXN,,stock,sp500_value,manual,sp500_value_manual,value,paper,0.00939387,-,,,,,21/05/2026,,True
JPM,,stock,sp500_value,manual,sp500_value_manual,value,paper,0.0090687,-,,,,,21/05/2026,,True
V,,stock,sp500_value,manual,sp500_value_manual,value,paper,0.0086898,-,,,,,21/05/2026,,True
LIN,,stock,sp500_value,manual,sp500_value_manual,value,paper,0.00833374,-,,,,,21/05/2026,,True
WFC,,stock,sp500_value,manual,sp500_value_manual,value,paper,0.00814463,-,,,,,21/05/2026,,True
JNJ,,stock,sp500_value,manual,sp500_value_manual,value,paper,0.00794259,-,,,,,21/05/2026,,True
QCOM,,stock,sp500_value,manual,sp500_value_manual,value,paper,0.00789565,-,,,,,21/05/2026,,True
CSCO,,stock,sp500_value,manual,sp500_value_manual,value,paper,0.00761113,-,,,,,21/05/2026,,True
C,,stock,sp500_value,manual,sp500_value_manual,value,paper,0.00759085,-,,,,,21/05/2026,,True
ABBV,,stock,sp500_value,manual,sp500_value_manual,value,paper,0.00710118,-,,,,,21/05/2026,,True
VZ,,stock,sp500_value,manual,sp500_value_manual,value,paper,0.00706131,-,,,,,21/05/2026,,True
PEP,,stock,sp500_value,manual,sp500_value_manual,value,paper,0.00705687,-,,,,,21/05/2026,,True
ADI,,stock,sp500_value,manual,sp500_value_manual,value,paper,0.00651184,-,,,,,21/05/2026,,True
NEE,,stock,sp500_value,manual,sp500_value_manual,value,paper,0.00647962,-,,,,,21/05/2026,,True
DIS,,stock,sp500_value,manual,sp500_value_manual,value,paper,0.00636544,-,,,,,21/05/2026,,True
KO,,stock,sp500_value,manual,sp500_value_manual,value,paper,0.00632267,-,,,,,21/05/2026,,True
T,,stock,sp500_value,manual,sp500_value_manual,value,paper,0.00615387,-,,,,,21/05/2026,,True
TMO,,stock,sp500_value,manual,sp500_value_manual,value,paper,0.0058578,-,,,,,21/05/2026,,True
CRM,,stock,sp500_value,manual,sp500_value_manual,value,paper,0.0057313,-,,,,,21/05/2026,,True
WDC,,stock,sp500_value,manual,sp500_value_manual,value,paper,0.00572032,-,,,,,21/05/2026,,True
UNP,,stock,sp500_value,manual,sp500_value_manual,value,paper,0.005461,-,,,,,21/05/2026,,True
ORCL,,stock,sp500_value,manual,sp500_value_manual,value,paper,0.00535657,-,,,,,21/05/2026,,True
BLK,,stock,sp500_value,manual,sp500_value_manual,value,paper,0.00532107,-,,,,,21/05/2026,,True
ABT,,stock,sp500_value,manual,sp500_value_manual,value,paper,0.00529461,-,,,,,21/05/2026,,True
GE,,stock,sp500_value,manual,sp500_value_manual,value,paper,0.00526784,-,,,,,21/05/2026,,True
SCHW,,stock,sp500_value,manual,sp500_value_manual,value,paper,0.00523664,-,,,,,21/05/2026,,True
ETN,,stock,sp500_value,manual,sp500_value_manual,value,paper,0.00513853,-,,,,,21/05/2026,,True
COP,,stock,sp500_value,manual,sp500_value_manual,value,paper,0.00512148,-,,,,,21/05/2026,,True
PFE,,stock,sp500_value,manual,sp500_value_manual,value,paper,0.00511618,-,,,,,21/05/2026,,True
HON,,stock,sp500_value,manual,sp500_value_manual,value,paper,0.00492733,-,,,,,21/05/2026,,True
PLD,,stock,sp500_value,manual,sp500_value_manual,value,paper,0.00466219,-,,,,,21/05/2026,,True
MA,,stock,sp500_value,manual,sp500_value_manual,value,paper,0.00465517,-,,,,,21/05/2026,,True
DE,,stock,sp500_value,manual,sp500_value_manual,value,paper,0.00464663,-,,,,,21/05/2026,,True
PM,,stock,sp500_value,manual,sp500_value_manual,value,paper,0.00447631,-,,,,,21/05/2026,,True
MO,,stock,sp500_value,manual,sp500_value_manual,value,paper,0.00429108,-,,,,,21/05/2026,,True
LOW,,stock,sp500_value,manual,sp500_value_manual,value,paper,0.00422898,-,,,,,21/05/2026,,True
BMY,,stock,sp500_value,manual,sp500_value_manual,value,paper,0.00420528,-,,,,,21/05/2026,,True
CB,,stock,sp500_value,manual,sp500_value_manual,value,paper,0.00416497,-,,,,,21/05/2026,,True
CVS,,stock,sp500_value,manual,sp500_value_manual,value,paper,0.00411729,-,,,,,21/05/2026,,True
SBUX,,stock,sp500_value,manual,sp500_value_manual,value,paper,0.00411411,-,,,,,21/05/2026,,True
COF,,stock,sp500_value,manual,sp500_value_manual,value,paper,0.00404644,-,,,,,21/05/2026,,True
IBM,,stock,sp500_value,manual,sp500_value_manual,value,paper,0.00393561,-,,,,,21/05/2026,,True
MCD,,stock,sp500_value,manual,sp500_value_manual,value,paper,0.00393014,-,,,,,21/05/2026,,True
VRTX,,stock,sp500_value,manual,sp500_value_manual,value,paper,0.00381952,-,,,,,21/05/2026,,True
ACN,,stock,sp500_value,manual,sp500_value_manual,value,paper,0.00379557,-,,,,,21/05/2026,,True
DHR,,stock,sp500_value,manual,sp500_value_manual,value,paper,0.00378129,-,,,,,21/05/2026,,True
EQIX,,stock,sp500_value,manual,sp500_value_manual,value,paper,0.00367207,-,,,,,21/05/2026,,True
LMT,,stock,sp500_value,manual,sp500_value_manual,value,paper,0.0036695,-,,,,,21/05/2026,,True
GS,,stock,sp500_value,manual,sp500_value_manual,value,paper,0.00359883,-,,,,,21/05/2026,,True
SO,,stock,sp500_value,manual,sp500_value_manual,value,paper,0.00359862,-,,,,,21/05/2026,,True
ADBE,,stock,sp500_value,manual,sp500_value_manual,value,paper,0.0034746,-,,,,,21/05/2026,,True
MDT,,stock,sp500_value,manual,sp500_value_manual,value,paper,0.00347443,-,,,,,21/05/2026,,True
DUK,,stock,sp500_value,manual,sp500_value_manual,value,paper,0.00336204,-,,,,,21/05/2026,,True
BA,,stock,sp500_value,manual,sp500_value_manual,value,paper,0.00335065,-,,,,,21/05/2026,,True
SNPS,,stock,sp500_value,manual,sp500_value_manual,value,paper,0.00334198,-,,,,,21/05/2026,,True
WMB,,stock,sp500_value,manual,sp500_value_manual,value,paper,0.00328459,-,,,,,21/05/2026,,True
MS,,stock,sp500_value,manual,sp500_value_manual,value,paper,0.00326196,-,,,,,21/05/2026,,True
MCK,,stock,sp500_value,manual,sp500_value_manual,value,paper,0.00325639,-,,,,,21/05/2026,,True
TMUS,,stock,sp500_value,manual,sp500_value_manual,value,paper,0.00313691,-,,,,,21/05/2026,,True
CMCSA,,stock,sp500_value,manual,sp500_value_manual,value,paper,0.00312094,-,,,,,21/05/2026,,True
PANW,,stock,sp500_value,manual,sp500_value_manual,value,paper,0.00311692,-,,,,,21/05/2026,,True
FCX,,stock,sp500_value,manual,sp500_value_manual,value,paper,0.00310409,-,,,,,21/05/2026,,True
BX,,stock,sp500_value,manual,sp500_value_manual,value,paper,0.00307733,-,,,,,21/05/2026,,True
ADP,,stock,sp500_value,manual,sp500_value_manual,value,paper,0.00307214,-,,,,,21/05/2026,,True
PNC,,stock,sp500_value,manual,sp500_value_manual,value,paper,0.00305711,-,,,,,21/05/2026,,True
ICE,,stock,sp500_value,manual,sp500_value_manual,value,paper,0.00298385,-,,,,,21/05/2026,,True
AMT,,stock,sp500_value,manual,sp500_value_manual,value,paper,0.00298206,-,,,,,21/05/2026,,True
ELV,,stock,sp500_value,manual,sp500_value_manual,value,paper,0.00298196,-,,,,,21/05/2026,,True
SLB,,stock,sp500_value,manual,sp500_value_manual,value,paper,0.00296747,-,,,,,21/05/2026,,True
CSX,,stock,sp500_value,manual,sp500_value_manual,value,paper,0.00296155,-,,,,,21/05/2026,,True
USB,,stock,sp500_value,manual,sp500_value_manual,value,paper,0.00293989,-,,,,,21/05/2026,,True
FDX,,stock,sp500_value,manual,sp500_value_manual,value,paper,0.00291614,-,,,,,21/05/2026,,True
WM,,stock,sp500_value,manual,sp500_value_manual,value,paper,0.00280076,-,,,,,21/05/2026,,True
MRSH,,stock,sp500_value,manual,sp500_value_manual,value,paper,0.00277104,-,,,,,21/05/2026,,True
MMM,,stock,sp500_value,manual,sp500_value_manual,value,paper,0.00275327,-,,,,,21/05/2026,,True
MDLZ,,stock,sp500_value,manual,sp500_value_manual,value,paper,0.00273284,-,,,,,21/05/2026,,True
TJX,,stock,sp500_value,manual,sp500_value_manual,value,paper,0.00272795,-,,,,,21/05/2026,,True
EOG,,stock,sp500_value,manual,sp500_value_manual,value,paper,0.00263279,-,,,,,21/05/2026,,True
EMR,,stock,sp500_value,manual,sp500_value_manual,value,paper,0.00262797,-,,,,,21/05/2026,,True
NXPI,,stock,sp500_value,manual,sp500_value_manual,value,paper,0.00261371,-,,,,,21/05/2026,,True
DELL,,stock,sp500_value,manual,sp500_value_manual,value,paper,0.0026043,-,,,,,21/05/2026,,True
GILD,,stock,sp500_value,manual,sp500_value_manual,value,paper,0.0025817,-,,,,,21/05/2026,,True
CI,,stock,sp500_value,manual,sp500_value_manual,value,paper,0.00257622,-,,,,,21/05/2026,,True
NOC,,stock,sp500_value,manual,sp500_value_manual,value,paper,0.00255313,-,,,,,21/05/2026,,True
VLO,,stock,sp500_value,manual,sp500_value_manual,value,paper,0.00254893,-,,,,,21/05/2026,,True
MPC,,stock,sp500_value,manual,sp500_value_manual,value,paper,0.00254046,-,,,,,21/05/2026,,True
CL,,stock,sp500_value,manual,sp500_value_manual,value,paper,0.00252732,-,,,,,21/05/2026,,True
UPS,,stock,sp500_value,manual,sp500_value_manual,value,paper,0.00251707,-,,,,,21/05/2026,,True
SPGI,,stock,sp500_value,manual,sp500_value_manual,value,paper,0.00246945,-,,,,,21/05/2026,,True
SHW,,stock,sp500_value,manual,sp500_value_manual,value,paper,0.0024653,-,,,,,21/05/2026,,True
PSX,,stock,sp500_value,manual,sp500_value_manual,value,paper,0.00243063,-,,,,,21/05/2026,,True
AEP,,stock,sp500_value,manual,sp500_value_manual,value,paper,0.00243017,-,,,,,21/05/2026,,True
NSC,,stock,sp500_value,manual,sp500_value_manual,value,paper,0.00242536,-,,,,,21/05/2026,,True
GM,,stock,sp500_value,manual,sp500_value_manual,value,paper,0.00241953,-,,,,,21/05/2026,,True
AON,,stock,sp500_value,manual,sp500_value_manual,value,paper,0.00241295,-,,,,,21/05/2026,,True
CRH,,stock,sp500_value,manual,sp500_value_manual,value,paper,0.00234759,-,,,,,21/05/2026,,True
WBD,,stock,sp500_value,manual,sp500_value_manual,value,paper,0.00232838,-,,,,,21/05/2026,,True
TRV,,stock,sp500_value,manual,sp500_value_manual,value,paper,0.0023036,-,,,,,21/05/2026,,True
MSI,,stock,sp500_value,manual,sp500_value_manual,value,paper,0.00230032,-,,,,,21/05/2026,,True
KMI,,stock,sp500_value,manual,sp500_value_manual,value,paper,0.00227366,-,,,,,21/05/2026,,True
ITW,,stock,sp500_value,manual,sp500_value_manual,value,paper,0.00227293,-,,,,,21/05/2026,,True
BKR,,stock,sp500_value,manual,sp500_value_manual,value,paper,0.00225433,-,,,,,21/05/2026,,True
REGN,,stock,sp500_value,manual,sp500_value_manual,value,paper,0.00224703,-,,,,,21/05/2026,,True
APD,,stock,sp500_value,manual,sp500_value_manual,value,paper,0.00223913,-,,,,,21/05/2026,,True
ECL,,stock,sp500_value,manual,sp500_value_manual,value,paper,0.00221111,-,,,,,21/05/2026,,True
STX,,stock,sp500_value,manual,sp500_value_manual,value,paper,0.00220395,-,,,,,21/05/2026,,True
DLR,,stock,sp500_value,manual,sp500_value_manual,value,paper,0.00217506,-,,,,,21/05/2026,,True
SYK,,stock,sp500_value,manual,sp500_value_manual,value,paper,0.00217099,-,,,,,21/05/2026,,True
TFC,,stock,sp500_value,manual,sp500_value_manual,value,paper,0.00209607,-,,,,,21/05/2026,,True
SRE,,stock,sp500_value,manual,sp500_value_manual,value,paper,0.00207165,-,,,,,21/05/2026,,True
CTAS,,stock,sp500_value,manual,sp500_value_manual,value,paper,0.00203344,-,,,,,21/05/2026,,True
D,,stock,sp500_value,manual,sp500_value_manual,value,paper,0.00202057,-,,,,,21/05/2026,,True
OKE,,stock,sp500_value,manual,sp500_value_manual,value,paper,0.00201911,-,,,,,21/05/2026,,True
AMGN,,stock,sp500_value,manual,sp500_value_manual,value,paper,0.00201542,-,,,,,21/05/2026,,True
TRGP,,stock,sp500_value,manual,sp500_value_manual,value,paper,0.00201189,-,,,,,21/05/2026,,True
KEYS,,stock,sp500_value,manual,sp500_value_manual,value,paper,0.00200898,-,,,,,21/05/2026,,True
PCAR,,stock,sp500_value,manual,sp500_value_manual,value,paper,0.00199136,-,,,,,21/05/2026,,True
O,,stock,sp500_value,manual,sp500_value_manual,value,paper,0.00198473,-,,,,,21/05/2026,,True
LHX,,stock,sp500_value,manual,sp500_value_manual,value,paper,0.00198413,-,,,,,21/05/2026,,True
TGT,,stock,sp500_value,manual,sp500_value_manual,value,paper,0.0019805,-,,,,,21/05/2026,,True
ALL,,stock,sp500_value,manual,sp500_value_manual,value,paper,0.00193721,-,,,,,21/05/2026,,True
AFL,,stock,sp500_value,manual,sp500_value_manual,value,paper,0.00190666,-,,,,,21/05/2026,,True
GWW,,stock,sp500_value,manual,sp500_value_manual,value,paper,0.00188381,-,,,,,21/05/2026,,True
DVN,,stock,sp500_value,manual,sp500_value_manual,value,paper,0.0018815,-,,,,,21/05/2026,,True
F,,stock,sp500_value,manual,sp500_value_manual,value,paper,0.00185819,-,,,,,21/05/2026,,True
AJG,,stock,sp500_value,manual,sp500_value_manual,value,paper,0.0018478,-,,,,,21/05/2026,,True
CTVA,,stock,sp500_value,manual,sp500_value_manual,value,paper,0.00184507,-,,,,,21/05/2026,,True
AXP,,stock,sp500_value,manual,sp500_value_manual,value,paper,0.00183872,-,,,,,21/05/2026,,True
NKE,,stock,sp500_value,manual,sp500_value_manual,value,paper,0.00183366,-,,,,,21/05/2026,,True
NUE,,stock,sp500_value,manual,sp500_value_manual,value,paper,0.0017958,-,,,,,21/05/2026,,True
COR,,stock,sp500_value,manual,sp500_value_manual,value,paper,0.00178932,-,,,,,21/05/2026,,True
AME,,stock,sp500_value,manual,sp500_value_manual,value,paper,0.00177981,-,,,,,21/05/2026,,True
PGR,,stock,sp500_value,manual,sp500_value_manual,value,paper,0.00177772,-,,,,,21/05/2026,,True
ETR,,stock,sp500_value,manual,sp500_value_manual,value,paper,0.00176101,-,,,,,21/05/2026,,True
FAST,,stock,sp500_value,manual,sp500_value_manual,value,paper,0.0017318,-,,,,,21/05/2026,,True
DAL,,stock,sp500_value,manual,sp500_value_manual,value,paper,0.00170452,-,,,,,21/05/2026,,True
MCHP,,stock,sp500_value,manual,sp500_value_manual,value,paper,0.00170022,-,,,,,21/05/2026,,True
CARR,,stock,sp500_value,manual,sp500_value_manual,value,paper,0.00169777,-,,,,,21/05/2026,,True
PSA,,stock,sp500_value,manual,sp500_value_manual,value,paper,0.00167016,-,,,,,21/05/2026,,True
PH,,stock,sp500_value,manual,sp500_value_manual,value,paper,0.0016649,-,,,,,21/05/2026,,True
XEL,,stock,sp500_value,manual,sp500_value_manual,value,paper,0.00164376,-,,,,,21/05/2026,,True
CAH,,stock,sp500_value,manual,sp500_value_manual,value,paper,0.00163785,-,,,,,21/05/2026,,True
TT,,stock,sp500_value,manual,sp500_value_manual,value,paper,0.00161379,-,,,,,21/05/2026,,True
MET,,stock,sp500_value,manual,sp500_value_manual,value,paper,0.00161182,-,,,,,21/05/2026,,True
EXC,,stock,sp500_value,manual,sp500_value_manual,value,paper,0.00160927,-,,,,,21/05/2026,,True
GLW,,stock,sp500_value,manual,sp500_value_manual,value,paper,0.00160907,-,,,,,21/05/2026,,True
CME,,stock,sp500_value,manual,sp500_value_manual,value,paper,0.00159105,-,,,,,21/05/2026,,True
HPE,,stock,sp500_value,manual,sp500_value_manual,value,paper,0.00156685,-,,,,,21/05/2026,,True
FITB,,stock,sp500_value,manual,sp500_value_manual,value,paper,0.00153504,-,,,,,21/05/2026,,True
WAB,,stock,sp500_value,manual,sp500_value_manual,value,paper,0.00150562,-,,,,,21/05/2026,,True
ON,,stock,sp500_value,manual,sp500_value_manual,value,paper,0.00149881,-,,,,,21/05/2026,,True
COIN,,stock,sp500_value,manual,sp500_value_manual,value,paper,0.00149705,-,,,,,21/05/2026,,True
STT,,stock,sp500_value,manual,sp500_value_manual,value,paper,0.00148703,-,,,,,21/05/2026,,True
CMG,,stock,sp500_value,manual,sp500_value_manual,value,paper,0.00148194,-,,,,,21/05/2026,,True
OXY,,stock,sp500_value,manual,sp500_value_manual,value,paper,0.00146624,-,,,,,21/05/2026,,True
AIG,,stock,sp500_value,manual,sp500_value_manual,value,paper,0.00146525,-,,,,,21/05/2026,,True
RSG,,stock,sp500_value,manual,sp500_value_manual,value,paper,0.00145069,-,,,,,21/05/2026,,True
BDX,,stock,sp500_value,manual,sp500_value_manual,value,paper,0.00144762,-,,,,,21/05/2026,,True
AMP,,stock,sp500_value,manual,sp500_value_manual,value,paper,0.00142832,-,,,,,21/05/2026,,True
PYPL,,stock,sp500_value,manual,sp500_value_manual,value,paper,0.00141489,-,,,,,21/05/2026,,True
NOW,,stock,sp500_value,manual,sp500_value_manual,value,paper,0.00141165,-,,,,,21/05/2026,,True
NDAQ,,stock,sp500_value,manual,sp500_value_manual,value,paper,0.00140856,-,,,,,21/05/2026,,True
GD,,stock,sp500_value,manual,sp500_value_manual,value,paper,0.00140294,-,,,,,21/05/2026,,True
CCI,,stock,sp500_value,manual,sp500_value_manual,value,paper,0.00139004,-,,,,,21/05/2026,,True
SPG,,stock,sp500_value,manual,sp500_value_manual,value,paper,0.00136341,-,,,,,21/05/2026,,True
GRMN,,stock,sp500_value,manual,sp500_value_manual,value,paper,0.00135819,-,,,,,21/05/2026,,True
PEG,,stock,sp500_value,manual,sp500_value_manual,value,paper,0.0013576,-,,,,,21/05/2026,,True
KDP,,stock,sp500_value,manual,sp500_value_manual,value,paper,0.0013551,-,,,,,21/05/2026,,True
KR,,stock,sp500_value,manual,sp500_value_manual,value,paper,0.00135465,-,,,,,21/05/2026,,True
FANG,,stock,sp500_value,manual,sp500_value_manual,value,paper,0.00135128,-,,,,,21/05/2026,,True
DHI,,stock,sp500_value,manual,sp500_value_manual,value,paper,0.00134769,-,,,,,21/05/2026,,True
ED,,stock,sp500_value,manual,sp500_value_manual,value,paper,0.00134336,-,,,,,21/05/2026,,True
ODFL,,stock,sp500_value,manual,sp500_value_manual,value,paper,0.00132396,-,,,,,21/05/2026,,True
CBRE,,stock,sp500_value,manual,sp500_value_manual,value,paper,0.00132127,-,,,,,21/05/2026,,True
HIG,,stock,sp500_value,manual,sp500_value_manual,value,paper,0.00131439,-,,,,,21/05/2026,,True
IRM,,stock,sp500_value,manual,sp500_value_manual,value,paper,0.00130555,-,,,,,21/05/2026,,True
INTU,,stock,sp500_value,manual,sp500_value_manual,value,paper,0.00130449,-,,,,,21/05/2026,,True
XYZ,,stock,sp500_value,manual,sp500_value_manual,value,paper,0.00130326,-,,,,,21/05/2026,,True
ADM,,stock,sp500_value,manual,sp500_value_manual,value,paper,0.00128465,-,,,,,21/05/2026,,True
SYY,,stock,sp500_value,manual,sp500_value_manual,value,paper,0.00127998,-,,,,,21/05/2026,,True
HUM,,stock,sp500_value,manual,sp500_value_manual,value,paper,0.00127047,-,,,,,21/05/2026,,True
ROST,,stock,sp500_value,manual,sp500_value_manual,value,paper,0.00126968,-,,,,,21/05/2026,,True
WEC,,stock,sp500_value,manual,sp500_value_manual,value,paper,0.00126432,-,,,,,21/05/2026,,True
PRU,,stock,sp500_value,manual,sp500_value_manual,value,paper,0.00126077,-,,,,,21/05/2026,,True
CDNS,,stock,sp500_value,manual,sp500_value_manual,value,paper,0.00125371,-,,,,,21/05/2026,,True
PCG,,stock,sp500_value,manual,sp500_value_manual,value,paper,0.00125222,-,,,,,21/05/2026,,True
EQT,,stock,sp500_value,manual,sp500_value_manual,value,paper,0.00124886,-,,,,,21/05/2026,,True
MCO,,stock,sp500_value,manual,sp500_value_manual,value,paper,0.00123029,-,,,,,21/05/2026,,True
BNY,,stock,sp500_value,manual,sp500_value_manual,value,paper,0.00122867,-,,,,,21/05/2026,,True
HAL,,stock,sp500_value,manual,sp500_value_manual,value,paper,0.0012202,-,,,,,21/05/2026,,True
ROP,,stock,sp500_value,manual,sp500_value_manual,value,paper,0.0011981,-,,,,,21/05/2026,,True
VMC,,stock,sp500_value,manual,sp500_value_manual,value,paper,0.00119792,-,,,,,21/05/2026,,True
ACGL,,stock,sp500_value,manual,sp500_value_manual,value,paper,0.00119307,-,,,,,21/05/2026,,True
ZTS,,stock,sp500_value,manual,sp500_value_manual,value,paper,0.00117223,-,,,,,21/05/2026,,True
KVUE,,stock,sp500_value,manual,sp500_value_manual,value,paper,0.00116026,-,,,,,21/05/2026,,True
WAT,,stock,sp500_value,manual,sp500_value_manual,value,paper,0.00115733,-,,,,,21/05/2026,,True
KMB,,stock,sp500_value,manual,sp500_value_manual,value,paper,0.00113662,-,,,,,21/05/2026,,True
A,,stock,sp500_value,manual,sp500_value_manual,value,paper,0.00112458,-,,,,,21/05/2026,,True
MLM,,stock,sp500_value,manual,sp500_value_manual,value,paper,0.00112316,-,,,,,21/05/2026,,True
MTB,,stock,sp500_value,manual,sp500_value_manual,value,paper,0.00111923,-,,,,,21/05/2026,,True
UAL,,stock,sp500_value,manual,sp500_value_manual,value,paper,0.00111881,-,,,,,21/05/2026,,True
HBAN,,stock,sp500_value,manual,sp500_value_manual,value,paper,0.00111579,-,,,,,21/05/2026,,True
Q,,stock,sp500_value,manual,sp500_value_manual,value,paper,0.0011104,-,,,,,21/05/2026,,True
STLD,,stock,sp500_value,manual,sp500_value_manual,value,paper,0.0011038,-,,,,,21/05/2026,,True
VICI,,stock,sp500_value,manual,sp500_value_manual,value,paper,0.00108162,-,,,,,21/05/2026,,True
NTRS,,stock,sp500_value,manual,sp500_value_manual,value,paper,0.00108134,-,,,,,21/05/2026,,True
CPRT,,stock,sp500_value,manual,sp500_value_manual,value,paper,0.00106264,-,,,,,21/05/2026,,True
EXR,,stock,sp500_value,manual,sp500_value_manual,value,paper,0.00105915,-,,,,,21/05/2026,,True
PAYX,,stock,sp500_value,manual,sp500_value_manual,value,paper,0.00105492,-,,,,,21/05/2026,,True
AEE,,stock,sp500_value,manual,sp500_value_manual,value,paper,0.00105393,-,,,,,21/05/2026,,True
FTNT,,stock,sp500_value,manual,sp500_value_manual,value,paper,0.00104761,-,,,,,21/05/2026,,True
ABNB,,stock,sp500_value,manual,sp500_value_manual,value,paper,0.00104611,-,,,,,21/05/2026,,True
FISV,,stock,sp500_value,manual,sp500_value_manual,value,paper,0.00104144,-,,,,,21/05/2026,,True
KKR,,stock,sp500_value,manual,sp500_value_manual,value,paper,0.00103766,-,,,,,21/05/2026,,True
DTE,,stock,sp500_value,manual,sp500_value_manual,value,paper,0.00103557,-,,,,,21/05/2026,,True
ATO,,stock,sp500_value,manual,sp500_value_manual,value,paper,0.0010189,-,,,,,21/05/2026,,True
CEG,,stock,sp500_value,manual,sp500_value_manual,value,paper,0.00101842,-,,,,,21/05/2026,,True
GEHC,,stock,sp500_value,manual,sp500_value_manual,value,paper,0.00101618,-,,,,,21/05/2026,,True
CMI,,stock,sp500_value,manual,sp500_value_manual,value,paper,0.00100796,-,,,,,21/05/2026,,True
APO,,stock,sp500_value,manual,sp500_value_manual,value,paper,0.00099148,-,,,,,21/05/2026,,True
TDY,,stock,sp500_value,manual,sp500_value_manual,value,paper,0.00098888,-,,,,,21/05/2026,,True
IQV,,stock,sp500_value,manual,sp500_value_manual,value,paper,0.00098877,-,,,,,21/05/2026,,True
HSY,,stock,sp500_value,manual,sp500_value_manual,value,paper,0.00097951,-,,,,,21/05/2026,,True
JCI,,stock,sp500_value,manual,sp500_value_manual,value,paper,0.00097736,-,,,,,21/05/2026,,True
DOV,,stock,sp500_value,manual,sp500_value_manual,value,paper,0.00097264,-,,,,,21/05/2026,,True
BSX,,stock,sp500_value,manual,sp500_value_manual,value,paper,0.00096938,-,,,,,21/05/2026,,True
OTIS,,stock,sp500_value,manual,sp500_value_manual,value,paper,0.00096477,-,,,,,21/05/2026,,True
BIIB,,stock,sp500_value,manual,sp500_value_manual,value,paper,0.00096403,-,,,,,21/05/2026,,True
CNP,,stock,sp500_value,manual,sp500_value_manual,value,paper,0.00096231,-,,,,,21/05/2026,,True
EIX,,stock,sp500_value,manual,sp500_value_manual,value,paper,0.00093895,-,,,,,21/05/2026,,True
CNC,,stock,sp500_value,manual,sp500_value_manual,value,paper,0.0009362,-,,,,,21/05/2026,,True
CFG,,stock,sp500_value,manual,sp500_value_manual,value,paper,0.00093175,-,,,,,21/05/2026,,True
PPL,,stock,sp500_value,manual,sp500_value_manual,value,paper,0.00092808,-,,,,,21/05/2026,,True
XYL,,stock,sp500_value,manual,sp500_value_manual,value,paper,0.00091864,-,,,,,21/05/2026,,True
RJF,,stock,sp500_value,manual,sp500_value_manual,value,paper,0.00091565,-,,,,,21/05/2026,,True
ES,,stock,sp500_value,manual,sp500_value_manual,value,paper,0.00090656,-,,,,,21/05/2026,,True
EW,,stock,sp500_value,manual,sp500_value_manual,value,paper,0.00090527,-,,,,,21/05/2026,,True
AVB,,stock,sp500_value,manual,sp500_value_manual,value,paper,0.00090449,-,,,,,21/05/2026,,True
URI,,stock,sp500_value,manual,sp500_value_manual,value,paper,0.00090251,-,,,,,21/05/2026,,True
DOW,,stock,sp500_value,manual,sp500_value_manual,value,paper,0.00089458,-,,,,,21/05/2026,,True
ARES,,stock,sp500_value,manual,sp500_value_manual,value,paper,0.00088715,-,,,,,21/05/2026,,True
CTSH,,stock,sp500_value,manual,sp500_value_manual,value,paper,0.00087224,-,,,,,21/05/2026,,True
IR,,stock,sp500_value,manual,sp500_value_manual,value,paper,0.00086835,-,,,,,21/05/2026,,True
SYF,,stock,sp500_value,manual,sp500_value_manual,value,paper,0.00086612,-,,,,,21/05/2026,,True
NTAP,,stock,sp500_value,manual,sp500_value_manual,value,paper,0.0008556,-,,,,,21/05/2026,,True
WTW,,stock,sp500_value,manual,sp500_value_manual,value,paper,0.00085422,-,,,,,21/05/2026,,True
HUBB,,stock,sp500_value,manual,sp500_value_manual,value,paper,0.00085173,-,,,,,21/05/2026,,True
CPAY,,stock,sp500_value,manual,sp500_value_manual,value,paper,0.00084288,-,,,,,21/05/2026,,True
RF,,stock,sp500_value,manual,sp500_value_manual,value,paper,0.00083958,-,,,,,21/05/2026,,True
AWK,,stock,sp500_value,manual,sp500_value_manual,value,paper,0.00083906,-,,,,,21/05/2026,,True
EA,,stock,sp500_value,manual,sp500_value_manual,value,paper,0.00083447,-,,,,,21/05/2026,,True
PPG,,stock,sp500_value,manual,sp500_value_manual,value,paper,0.00083074,-,,,,,21/05/2026,,True
FE,,stock,sp500_value,manual,sp500_value_manual,value,paper,0.00082106,-,,,,,21/05/2026,,True
TER,,stock,sp500_value,manual,sp500_value_manual,value,paper,0.00080746,-,,,,,21/05/2026,,True
EXE,,stock,sp500_value,manual,sp500_value_manual,value,paper,0.0008071,-,,,,,21/05/2026,,True
OMC,,stock,sp500_value,manual,sp500_value_manual,value,paper,0.00080299,-,,,,,21/05/2026,,True
DG,,stock,sp500_value,manual,sp500_value_manual,value,paper,0.00080244,-,,,,,21/05/2026,,True
TPL,,stock,sp500_value,manual,sp500_value_manual,value,paper,0.00079807,-,,,,,21/05/2026,,True
WSM,,stock,sp500_value,manual,sp500_value_manual,value,paper,0.00079349,-,,,,,21/05/2026,,True
DRI,,stock,sp500_value,manual,sp500_value_manual,value,paper,0.00079183,-,,,,,21/05/2026,,True
NI,,stock,sp500_value,manual,sp500_value_manual,value,paper,0.00079149,-,,,,,21/05/2026,,True
WST,,stock,sp500_value,manual,sp500_value_manual,value,paper,0.00078969,-,,,,,21/05/2026,,True
EQR,,stock,sp500_value,manual,sp500_value_manual,value,paper,0.000787,-,,,,,21/05/2026,,True
FIS,,stock,sp500_value,manual,sp500_value_manual,value,paper,0.00078394,-,,,,,21/05/2026,,True
CHD,,stock,sp500_value,manual,sp500_value_manual,value,paper,0.00078336,-,,,,,21/05/2026,,True
CMS,,stock,sp500_value,manual,sp500_value_manual,value,paper,0.00078064,-,,,,,21/05/2026,,True
CVNA,,stock,sp500_value,manual,sp500_value_manual,value,paper,0.00077394,-,,,,,21/05/2026,,True
TROW,,stock,sp500_value,manual,sp500_value_manual,value,paper,0.00077333,-,,,,,21/05/2026,,True
PHM,,stock,sp500_value,manual,sp500_value_manual,value,paper,0.00077302,-,,,,,21/05/2026,,True
ROK,,stock,sp500_value,manual,sp500_value_manual,value,paper,0.00077249,-,,,,,21/05/2026,,True
SBAC,,stock,sp500_value,manual,sp500_value_manual,value,paper,0.00076504,-,,,,,21/05/2026,,True
FFIV,,stock,sp500_value,manual,sp500_value_manual,value,paper,0.00076147,-,,,,,21/05/2026,,True
YUM,,stock,sp500_value,manual,sp500_value_manual,value,paper,0.00075896,-,,,,,21/05/2026,,True
DGX,,stock,sp500_value,manual,sp500_value_manual,value,paper,0.00074598,-,,,,,21/05/2026,,True
ADSK,,stock,sp500_value,manual,sp500_value_manual,value,paper,0.00074172,-,,,,,21/05/2026,,True
VLTO,,stock,sp500_value,manual,sp500_value_manual,value,paper,0.00074121,-,,,,,21/05/2026,,True
STZ,,stock,sp500_value,manual,sp500_value_manual,value,paper,0.00073526,-,,,,,21/05/2026,,True
LH,,stock,sp500_value,manual,sp500_value_manual,value,paper,0.00073368,-,,,,,21/05/2026,,True
CHRW,,stock,sp500_value,manual,sp500_value_manual,value,paper,0.00073217,-,,,,,21/05/2026,,True
AKAM,,stock,sp500_value,manual,sp500_value_manual,value,paper,0.00072964,-,,,,,21/05/2026,,True
EXPD,,stock,sp500_value,manual,sp500_value_manual,value,paper,0.00072882,-,,,,,21/05/2026,,True
PFG,,stock,sp500_value,manual,sp500_value_manual,value,paper,0.00071498,-,,,,,21/05/2026,,True
MSCI,,stock,sp500_value,manual,sp500_value_manual,value,paper,0.00071189,-,,,,,21/05/2026,,True
HPQ,,stock,sp500_value,manual,sp500_value_manual,value,paper,0.00070423,-,,,,,21/05/2026,,True
AZO,,stock,sp500_value,manual,sp500_value_manual,value,paper,0.00070183,-,,,,,21/05/2026,,True
KEY,,stock,sp500_value,manual,sp500_value_manual,value,paper,0.00069681,-,,,,,21/05/2026,,True
ALB,,stock,sp500_value,manual,sp500_value_manual,value,paper,0.00069429,-,,,,,21/05/2026,,True
VTR,,stock,sp500_value,manual,sp500_value_manual,value,paper,0.0006942,-,,,,,21/05/2026,,True
KHC,,stock,sp500_value,manual,sp500_value_manual,value,paper,0.00069372,-,,,,,21/05/2026,,True
LUV,,stock,sp500_value,manual,sp500_value_manual,value,paper,0.00069337,-,,,,,21/05/2026,,True
TTWO,,stock,sp500_value,manual,sp500_value_manual,value,paper,0.00068866,-,,,,,21/05/2026,,True
SW,,stock,sp500_value,manual,sp500_value_manual,value,paper,0.00068477,-,,,,,21/05/2026,,True
EFX,,stock,sp500_value,manual,sp500_value_manual,value,paper,0.00067755,-,,,,,21/05/2026,,True
EL,,stock,sp500_value,manual,sp500_value_manual,value,paper,0.000675,-,,,,,21/05/2026,,True
JBHT,,stock,sp500_value,manual,sp500_value_manual,value,paper,0.00067132,-,,,,,21/05/2026,,True
DD,,stock,sp500_value,manual,sp500_value_manual,value,paper,0.00066757,-,,,,,21/05/2026,,True
IFF,,stock,sp500_value,manual,sp500_value_manual,value,paper,0.00066641,-,,,,,21/05/2026,,True
PKG,,stock,sp500_value,manual,sp500_value_manual,value,paper,0.00066319,-,,,,,21/05/2026,,True
LEN,,stock,sp500_value,manual,sp500_value_manual,value,paper,0.00066271,-,,,,,21/05/2026,,True
EVRG,,stock,sp500_value,manual,sp500_value_manual,value,paper,0.00066066,-,,,,,21/05/2026,,True
CF,,stock,sp500_value,manual,sp500_value_manual,value,paper,0.00065638,-,,,,,21/05/2026,,True
VTRS,,stock,sp500_value,manual,sp500_value_manual,value,paper,0.00065285,-,,,,,21/05/2026,,True
LNT,,stock,sp500_value,manual,sp500_value_manual,value,paper,0.00065176,-,,,,,21/05/2026,,True
TSN,,stock,sp500_value,manual,sp500_value_manual,value,paper,0.00065143,-,,,,,21/05/2026,,True
SNA,,stock,sp500_value,manual,sp500_value_manual,value,paper,0.00065008,-,,,,,21/05/2026,,True
FTV,,stock,sp500_value,manual,sp500_value_manual,value,paper,0.0006449,-,,,,,21/05/2026,,True
L,,stock,sp500_value,manual,sp500_value_manual,value,paper,0.00064067,-,,,,,21/05/2026,,True
TEL,,stock,sp500_value,manual,sp500_value_manual,value,paper,0.0006371,-,,,,,21/05/2026,,True
CBOE,,stock,sp500_value,manual,sp500_value_manual,value,paper,0.00062518,-,,,,,21/05/2026,,True
LYB,,stock,sp500_value,manual,sp500_value_manual,value,paper,0.00062435,-,,,,,21/05/2026,,True
GIS,,stock,sp500_value,manual,sp500_value_manual,value,paper,0.00062036,-,,,,,21/05/2026,,True
AMCR,,stock,sp500_value,manual,sp500_value_manual,value,paper,0.00061806,-,,,,,21/05/2026,,True
ESS,,stock,sp500_value,manual,sp500_value_manual,value,paper,0.00061248,-,,,,,21/05/2026,,True
DLTR,,stock,sp500_value,manual,sp500_value_manual,value,paper,0.00061212,-,,,,,21/05/2026,,True
BR,,stock,sp500_value,manual,sp500_value_manual,value,paper,0.00060825,-,,,,,21/05/2026,,True
PTC,,stock,sp500_value,manual,sp500_value_manual,value,paper,0.00060164,-,,,,,21/05/2026,,True
GPN,,stock,sp500_value,manual,sp500_value_manual,value,paper,0.00059771,-,,,,,21/05/2026,,True
BRO,,stock,sp500_value,manual,sp500_value_manual,value,paper,0.000594,-,,,,,21/05/2026,,True
ZBH,,stock,sp500_value,manual,sp500_value_manual,value,paper,0.00058646,-,,,,,21/05/2026,,True
WY,,stock,sp500_value,manual,sp500_value_manual,value,paper,0.00058635,-,,,,,21/05/2026,,True
SMCI,,stock,sp500_value,manual,sp500_value_manual,value,paper,0.00058254,-,,,,,21/05/2026,,True
TSCO,,stock,sp500_value,manual,sp500_value_manual,value,paper,0.00058094,-,,,,,21/05/2026,,True
NVR,,stock,sp500_value,manual,sp500_value_manual,value,paper,0.00057719,-,,,,,21/05/2026,,True
MRNA,,stock,sp500_value,manual,sp500_value_manual,value,paper,0.00056881,-,,,,,21/05/2026,,True
INVH,,stock,sp500_value,manual,sp500_value_manual,value,paper,0.000568,-,,,,,21/05/2026,,True
IP,,stock,sp500_value,manual,sp500_value_manual,value,paper,0.00056653,-,,,,,21/05/2026,,True
BG,,stock,sp500_value,manual,sp500_value_manual,value,paper,0.00056195,-,,,,,21/05/2026,,True
KIM,,stock,sp500_value,manual,sp500_value_manual,value,paper,0.00056046,-,,,,,21/05/2026,,True
TXT,,stock,sp500_value,manual,sp500_value_manual,value,paper,0.00054682,-,,,,,21/05/2026,,True
LDOS,,stock,sp500_value,manual,sp500_value_manual,value,paper,0.00054619,-,,,,,21/05/2026,,True
IEX,,stock,sp500_value,manual,sp500_value_manual,value,paper,0.00053223,-,,,,,21/05/2026,,True
LII,,stock,sp500_value,manual,sp500_value_manual,value,paper,0.00053205,-,,,,,21/05/2026,,True
NDSN,,stock,sp500_value,manual,sp500_value_manual,value,paper,0.00052788,-,,,,,21/05/2026,,True
MAA,,stock,sp500_value,manual,sp500_value_manual,value,paper,0.00052738,-,,,,,21/05/2026,,True
BALL,,stock,sp500_value,manual,sp500_value_manual,value,paper,0.00052377,-,,,,,21/05/2026,,True
FICO,,stock,sp500_value,manual,sp500_value_manual,value,paper,0.00051157,-,,,,,21/05/2026,,True
JBL,,stock,sp500_value,manual,sp500_value_manual,value,paper,0.00050974,-,,,,,21/05/2026,,True
GNRC,,stock,sp500_value,manual,sp500_value_manual,value,paper,0.00050476,-,,,,,21/05/2026,,True
DECK,,stock,sp500_value,manual,sp500_value_manual,value,paper,0.00050409,-,,,,,21/05/2026,,True
WDAY,,stock,sp500_value,manual,sp500_value_manual,value,paper,0.00050332,-,,,,,21/05/2026,,True
EG,,stock,sp500_value,manual,sp500_value_manual,value,paper,0.00050123,-,,,,,21/05/2026,,True
HST,,stock,sp500_value,manual,sp500_value_manual,value,paper,0.00049738,-,,,,,21/05/2026,,True
CSGP,,stock,sp500_value,manual,sp500_value_manual,value,paper,0.000497,-,,,,,21/05/2026,,True
CDW,,stock,sp500_value,manual,sp500_value_manual,value,paper,0.00048008,-,,,,,21/05/2026,,True
GEN,,stock,sp500_value,manual,sp500_value_manual,value,paper,0.00047977,-,,,,,21/05/2026,,True
EBAY,,stock,sp500_value,manual,sp500_value_manual,value,paper,0.00047785,-,,,,,21/05/2026,,True
MAS,,stock,sp500_value,manual,sp500_value_manual,value,paper,0.0004773,-,,,,,21/05/2026,,True
RMD,,stock,sp500_value,manual,sp500_value_manual,value,paper,0.00047599,-,,,,,21/05/2026,,True
DOC,,stock,sp500_value,manual,sp500_value_manual,value,paper,0.00047409,-,,,,,21/05/2026,,True
DXCM,,stock,sp500_value,manual,sp500_value_manual,value,paper,0.00047282,-,,,,,21/05/2026,,True
APA,,stock,sp500_value,manual,sp500_value_manual,value,paper,0.00047166,-,,,,,21/05/2026,,True
LULU,,stock,sp500_value,manual,sp500_value_manual,value,paper,0.00047033,-,,,,,21/05/2026,,True
GPC,,stock,sp500_value,manual,sp500_value_manual,value,paper,0.00046991,-,,,,,21/05/2026,,True
J,,stock,sp500_value,manual,sp500_value_manual,value,paper,0.00046729,-,,,,,21/05/2026,,True
TRMB,,stock,sp500_value,manual,sp500_value_manual,value,paper,0.00046194,-,,,,,21/05/2026,,True
TYL,,stock,sp500_value,manual,sp500_value_manual,value,paper,0.00046185,-,,,,,21/05/2026,,True
REG,,stock,sp500_value,manual,sp500_value_manual,value,paper,0.00044738,-,,,,,21/05/2026,,True
AIZ,,stock,sp500_value,manual,sp500_value_manual,value,paper,0.00044439,-,,,,,21/05/2026,,True
CHTR,,stock,sp500_value,manual,sp500_value_manual,value,paper,0.00044358,-,,,,,21/05/2026,,True
GL,,stock,sp500_value,manual,sp500_value_manual,value,paper,0.00043262,-,,,,,21/05/2026,,True
HII,,stock,sp500_value,manual,sp500_value_manual,value,paper,0.00043205,-,,,,,21/05/2026,,True
COO,,stock,sp500_value,manual,sp500_value_manual,value,paper,0.00043008,-,,,,,21/05/2026,,True
GDDY,,stock,sp500_value,manual,sp500_value_manual,value,paper,0.00042966,-,,,,,21/05/2026,,True
LYV,,stock,sp500_value,manual,sp500_value_manual,value,paper,0.00042802,-,,,,,21/05/2026,,True
AVY,,stock,sp500_value,manual,sp500_value_manual,value,paper,0.00042605,-,,,,,21/05/2026,,True
PNW,,stock,sp500_value,manual,sp500_value_manual,value,paper,0.00042357,-,,,,,21/05/2026,,True
PNR,,stock,sp500_value,manual,sp500_value_manual,value,paper,0.00042248,-,,,,,21/05/2026,,True
ZBRA,,stock,sp500_value,manual,sp500_value_manual,value,paper,0.0004216,-,,,,,21/05/2026,,True
HAS,,stock,sp500_value,manual,sp500_value_manual,value,paper,0.00041677,-,,,,,21/05/2026,,True
APTV,,stock,sp500_value,manual,sp500_value_manual,value,paper,0.00041506,-,,,,,21/05/2026,,True
MKC,,stock,sp500_value,manual,sp500_value_manual,value,paper,0.00041336,-,,,,,21/05/2026,,True
IVZ,,stock,sp500_value,manual,sp500_value_manual,value,paper,0.00041333,-,,,,,21/05/2026,,True
BBY,,stock,sp500_value,manual,sp500_value_manual,value,paper,0.00041105,-,,,,,21/05/2026,,True
MTD,,stock,sp500_value,manual,sp500_value_manual,value,paper,0.00040761,-,,,,,21/05/2026,,True
SWK,,stock,sp500_value,manual,sp500_value_manual,value,paper,0.00040653,-,,,,,21/05/2026,,True
CLX,,stock,sp500_value,manual,sp500_value_manual,value,paper,0.00039968,-,,,,,21/05/2026,,True
SOLV,,stock,sp500_value,manual,sp500_value_manual,value,paper,0.0003936,-,,,,,21/05/2026,,True
UDR,,stock,sp500_value,manual,sp500_value_manual,value,paper,0.00039234,-,,,,,21/05/2026,,True
VRSK,,stock,sp500_value,manual,sp500_value_manual,value,paper,0.00039051,-,,,,,21/05/2026,,True
IT,,stock,sp500_value,manual,sp500_value_manual,value,paper,0.00038947,-,,,,,21/05/2026,,True
CPT,,stock,sp500_value,manual,sp500_value_manual,value,paper,0.00038856,-,,,,,21/05/2026,,True
SWKS,,stock,sp500_value,manual,sp500_value_manual,value,paper,0.00038274,-,,,,,21/05/2026,,True
SJM,,stock,sp500_value,manual,sp500_value_manual,value,paper,0.00037805,-,,,,,21/05/2026,,True
ALGN,,stock,sp500_value,manual,sp500_value_manual,value,paper,0.00037787,-,,,,,21/05/2026,,True
RVTY,,stock,sp500_value,manual,sp500_value_manual,value,paper,0.00037618,-,,,,,21/05/2026,,True
CINF,,stock,sp500_value,manual,sp500_value_manual,value,paper,0.00037478,-,,,,,21/05/2026,,True
STE,,stock,sp500_value,manual,sp500_value_manual,value,paper,0.00037447,-,,,,,21/05/2026,,True
AXON,,stock,sp500_value,manual,sp500_value_manual,value,paper,0.00036403,-,,,,,21/05/2026,,True
AES,,stock,sp500_value,manual,sp500_value_manual,value,paper,0.00036385,-,,,,,21/05/2026,,True
JKHY,,stock,sp500_value,manual,sp500_value_manual,value,paper,0.00034816,-,,,,,21/05/2026,,True
DPZ,,stock,sp500_value,manual,sp500_value_manual,value,paper,0.00034091,-,,,,,21/05/2026,,True
BAX,,stock,sp500_value,manual,sp500_value_manual,value,paper,0.00034066,-,,,,,21/05/2026,,True
NWSA,,stock,sp500_value,manual,sp500_value_manual,value,paper,0.00033834,-,,,,,21/05/2026,,True
BEN,,stock,sp500_value,manual,sp500_value_manual,value,paper,0.00032983,-,,,,,21/05/2026,,True
TTD,,stock,sp500_value,manual,sp500_value_manual,value,paper,0.00032582,-,,,,,21/05/2026,,True
FRT,,stock,sp500_value,manual,sp500_value_manual,value,paper,0.00032386,-,,,,,21/05/2026,,True
VEEV,,stock,sp500_value,manual,sp500_value_manual,value,paper,0.00031501,-,,,,,21/05/2026,,True
UHS,,stock,sp500_value,manual,sp500_value_manual,value,paper,0.0003123,-,,,,,21/05/2026,,True
BXP,,stock,sp500_value,manual,sp500_value_manual,value,paper,0.00030864,-,,,,,21/05/2026,,True
WRB,,stock,sp500_value,manual,sp500_value_manual,value,paper,0.00029953,-,,,,,21/05/2026,,True
FDS,,stock,sp500_value,manual,sp500_value_manual,value,paper,0.00029019,-,,,,,21/05/2026,,True
BLDR,,stock,sp500_value,manual,sp500_value_manual,value,paper,0.00028136,-,,,,,21/05/2026,,True
CRL,,stock,sp500_value,manual,sp500_value_manual,value,paper,0.00027198,-,,,,,21/05/2026,,True
NRG,,stock,sp500_value,manual,sp500_value_manual,value,paper,0.00026179,-,,,,,21/05/2026,,True
ARE,,stock,sp500_value,manual,sp500_value_manual,value,paper,0.0002599,-,,,,,21/05/2026,,True
TECH,,stock,sp500_value,manual,sp500_value_manual,value,paper,0.00025734,-,,,,,21/05/2026,,True
HSIC,,stock,sp500_value,manual,sp500_value_manual,value,paper,0.00025329,-,,,,,21/05/2026,,True
MGM,,stock,sp500_value,manual,sp500_value_manual,value,paper,0.00024997,-,,,,,21/05/2026,,True
TAP,,stock,sp500_value,manual,sp500_value_manual,value,paper,0.00024789,-,,,,,21/05/2026,,True
MOS,,stock,sp500_value,manual,sp500_value_manual,value,paper,0.00023958,-,,,,,21/05/2026,,True
DVA,,stock,sp500_value,manual,sp500_value_manual,value,paper,0.00023031,-,,,,,21/05/2026,,True
AOS,,stock,sp500_value,manual,sp500_value_manual,value,paper,0.00022311,-,,,,,21/05/2026,,True
CAG,,stock,sp500_value,manual,sp500_value_manual,value,paper,0.00022023,-,,,,,21/05/2026,,True
HRL,,stock,sp500_value,manual,sp500_value_manual,value,paper,0.00021155,-,,,,,21/05/2026,,True
POOL,,stock,sp500_value,manual,sp500_value_manual,value,paper,0.00020705,-,,,,,21/05/2026,,True
ERIE,,stock,sp500_value,manual,sp500_value_manual,value,paper,0.00019721,-,,,,,21/05/2026,,True
EPAM,,stock,sp500_value,manual,sp500_value_manual,value,paper,0.00019638,-,,,,,21/05/2026,,True
ALLE,,stock,sp500_value,manual,sp500_value_manual,value,paper,0.0001778,-,,,,,21/05/2026,,True
BF.B,,stock,sp500_value,manual,sp500_value_manual,value,paper,0.00015768,-,,,,,21/05/2026,,True
FOXA,,stock,sp500_value,manual,sp500_value_manual,value,paper,0.00015639,-,,,,,21/05/2026,,True
CPB,,stock,sp500_value,manual,sp500_value_manual,value,paper,0.00013565,-,,,,,21/05/2026,,True
NWS,,stock,sp500_value,manual,sp500_value_manual,value,paper,0.00012779,-,,,,,21/05/2026,,True
NCLH,,stock,sp500_value,manual,sp500_value_manual,value,paper,0.00011353,-,,,,,21/05/2026,,True
PSKY,,stock,sp500_value,manual,sp500_value_manual,value,paper,0.00010998,-,,,,,21/05/2026,,True
FOX,,stock,sp500_value,manual,sp500_value_manual,value,paper,9.991e-05,-,,,,,21/05/2026,,True
CASH_USD,,cash,sp500_value,manual,sp500_value_manual,value,paper,7.336e-05,-,,,,,21/05/2026,,True
2602335D,,other_security,sp500_value,manual,sp500_value_manual,value,paper,8e-08,-,,,,,21/05/2026,,True
LULU,LULULEMON ATHLETICA INC.,stock,burry_autopilot,manual,burry_autopilot_manual,value_contrarian,rollover_ira,0.172457143,Textiles & Apparel,Textiles & Apparel,550021109,,18/05/2026,23/05/2026,,True
PFE,PFIZER INC.,stock,burry_autopilot,manual,burry_autopilot_manual,value_contrarian,rollover_ira,0.072214286,Pharmaceuticals,Pharmaceuticals,717081103,,18/05/2026,23/05/2026,,True
FISV,"FISERV, INC.",stock,burry_autopilot,manual,burry_autopilot_manual,value_contrarian,rollover_ira,0.081071429,Professional & Commercial Services,Professional & Commercial Services,337738108,,18/05/2026,23/05/2026,,True
PLTD,Direxion:Dly PLTR Br 1X,etf,burry_autopilot,manual,burry_autopilot_manual,value_contrarian,rollover_ira,0.0781,Financial,Financial,25461A429,,18/05/2026,23/05/2026,,True
HAL,HALLIBURTON COMPANY,stock,burry_autopilot,manual,burry_autopilot_manual,value_contrarian,rollover_ira,0.117971429,Oil & Gas Related Equipment and Services,Oil & Gas Related Equipment and Services,406216101,,18/05/2026,23/05/2026,,True
MOH,"MOLINA HEALTHCARE, INC.",stock,burry_autopilot,manual,burry_autopilot_manual,value_contrarian,rollover_ira,0.262057143,Healthcare Providers & Services,Healthcare Providers & Services,60855R100,,18/05/2026,23/05/2026,,True
PYPL,"PAYPAL HOLDINGS, INC.",stock,burry_autopilot,manual,burry_autopilot_manual,value_contrarian,rollover_ira,0.064371429,Professional & Commercial Services,Professional & Commercial Services,70450Y103,,18/05/2026,23/05/2026,,True
SLV,IShares:Silver Trust,etf,burry_autopilot,manual,burry_autopilot_manual,value_contrarian,rollover_ira,0.100857143,Financial,Financial,46428Q109,,18/05/2026,23/05/2026,,True
JD,"JD.COM, INC.",stock,burry_autopilot,manual,burry_autopilot_manual,value_contrarian,rollover_ira,0.045514286,Diversified Retail,Diversified Retail,47215P106,,18/05/2026,23/05/2026,,True
CASH_USD,U.S. Dollar Cash,cash,burry_autopilot,manual,burry_autopilot_manual,value_contrarian,rollover_ira,0.005385714,,,,,18/05/2026,23/05/2026,,True
